tweet_id,airline_sentiment,airline_sentiment_confidence,negativereason,negativereason_confidence,airline,airline_sentiment_gold,name,negativereason_gold,retweet_count,text,tweet_coord,tweet_created,tweet_location,user_timezone,,
5.70301130888122E+017,positive,0.3486,,0,Virgin America,,jnardino,,0,@VirginAmerica plus you've added commercials to the experience... tacky.,,2015-02-24 11:15:59 -0800,,Pacific Time (US & Canada),,
5.70301031407624E+017,negative,1,Bad Flight,0.7033,Virgin America,,jnardino,,0,"@VirginAmerica it's really aggressive to blast obnoxious ""entertainment"" in your guests' faces &amp; they have little recourse",,2015-02-24 11:15:36 -0800,,Pacific Time (US & Canada),,
5.70300817074463E+017,negative,1,Can't Tell,1,Virgin America,,jnardino,,0,@VirginAmerica and it's a really big bad thing about it,,2015-02-24 11:14:45 -0800,,Pacific Time (US & Canada),,
5.70300767074181E+017,negative,1,Can't Tell,0.6842,Virgin America,,jnardino,,0,"@VirginAmerica seriously would pay $30 a flight for seats that didn't have this playing.
it's really the only bad thing about flying VA",,2015-02-24 11:14:33 -0800,,Pacific Time (US & Canada),,
5.70300616901321E+017,positive,0.6745,,0,Virgin America,,cjmcginnis,,0,"@VirginAmerica yes, nearly every time I fly VX this ‚Äúear worm‚Äù won‚Äôt go away :)",,2015-02-24 11:13:57 -0800,San Francisco CA,Pacific Time (US & Canada),,
5.70299953286943E+017,positive,0.6559,,,Virgin America,,dhepburn,,0,"@virginamerica Well, I didn't‚Ä¶but NOW I DO! :-D",,2015-02-24 11:11:19 -0800,San Diego,Pacific Time (US & Canada),,
5.70295459631264E+017,positive,1,,,Virgin America,,YupitsTate,,0,"@VirginAmerica it was amazing, and arrived an hour early. You're too good to me.",,2015-02-24 10:53:27 -0800,Los Angeles,Eastern Time (US & Canada),,
5.70289724453216E+017,positive,1,,,Virgin America,,HyperCamiLax,,0,@VirginAmerica I &lt,3 pretty graphics. so much better than minimal iconography. :D,,2015-02-24 10:30:40 -0800,NYC,America/New_York,
5.70289584061481E+017,positive,1,,,Virgin America,,HyperCamiLax,,0,@VirginAmerica This is such a great deal! Already thinking about my 2nd trip to @Australia &amp, I haven't even gone on my 1st trip yet! ,p,,2015-02-24 10:30:06 -0800,NYC,America/New_York
5.70287408438121E+017,positive,0.6451,,,Virgin America,,mollanderson,,0,@VirginAmerica @virginmedia I'm flying your #fabulous #Seductive skies again! U take all the #stress away from travel http://t.co/ahlXHhKiyn,,2015-02-24 10:21:28 -0800,,Eastern Time (US & Canada),,
5.70285904809599E+017,positive,1,,,Virgin America,,sjespers,,0,@VirginAmerica Thanks!,,2015-02-24 10:15:29 -0800,"San Francisco, CA",Pacific Time (US & Canada),,
5.70282469121008E+017,negative,0.6842,Late Flight,0.3684,Virgin America,,smartwatermelon,,0,@VirginAmerica SFO-PDX schedule is still MIA.,,2015-02-24 10:01:50 -0800,"palo alto, ca",Pacific Time (US & Canada),,
5.70277724385735E+017,positive,1,,,Virgin America,,ItzBrianHunty,,0,@VirginAmerica So excited for my first cross country flight LAX to MCO I've heard nothing but great things about Virgin America. #29DaysToGo,,2015-02-24 09:42:59 -0800,west covina,Pacific Time (US & Canada),,
5.70276917301137E+017,negative,1,Bad Flight,1,Virgin America,,heatherovieda,,0,@VirginAmerica  I flew from NYC to SFO last week and couldn't fully sit in my seat due to two large gentleman on either side of me. HELP!,,2015-02-24 09:39:46 -0800,this place called NYC,Eastern Time (US & Canada),,
5.70270684619923E+017,positive,1,,,Virgin America,,thebrandiray,,0,I ‚ù§Ô∏è flying @VirginAmerica. ‚ò∫Ô∏èüëç,,2015-02-24 09:15:00 -0800,Somewhere celebrating life. ,Atlantic Time (Canada),,
5.70267956648792E+017,positive,1,,,Virgin America,,JNLpierce,,0,@VirginAmerica you know what would be amazingly awesome? BOS-FLL PLEASE!!!!!!! I want to fly with only you.,,2015-02-24 09:04:10 -0800,Boston | Waltham,Quito,,
5.70265883513385E+017,negative,0.6705,Can't Tell,0.3614,Virgin America,,MISSGJ,,0,@VirginAmerica why are your first fares in May over three times more than other carriers when all seats are available to select???,,2015-02-24 08:55:56 -0800,,,,
5.70264145116819E+017,positive,1,,,Virgin America,,DT_Les,,0,@VirginAmerica I love this graphic. http://t.co/UT5GrRwAaA,"[40.74804263, -73.99295302]",2015-02-24 08:49:01 -0800,,,,
5.70259420287869E+017,positive,1,,,Virgin America,,ElvinaBeck,,0,@VirginAmerica I love the hipster innovation. You are a feel good brand.,,2015-02-24 08:30:15 -0800,Los Angeles,Pacific Time (US & Canada),,
5.70256553502069E+017,negative,1,Customer Service Issue,0.3557,Virgin America,,ayeevickiee,,0,@VirginAmerica you guys messed up my seating.. I reserved seating with my friends and you guys gave my seat away ... üò° I want free internet,,2015-02-24 08:18:51 -0800,714,Mountain Time (US & Canada),,
5.70249102404923E+017,negative,1,Customer Service Issue,1,Virgin America,,Leora13,,0,@VirginAmerica status match program.  I applied and it's been three weeks.  Called and emailed with no response.,,2015-02-24 07:49:15 -0800,,,,
5.70239632807371E+017,negative,1,Can't Tell,0.6614,Virgin America,,meredithjlynn,,0,@VirginAmerica What happened 2 ur vegan food options?! At least say on ur site so i know I won't be able 2 eat anything for next 6 hrs #fail,,2015-02-24 07:11:37 -0800,,,,
5.70207886493782E+017,negative,1,Bad Flight,1,Virgin America,,blackjackpro911,,0,@VirginAmerica amazing to me that we can't get any cold air from the vents. #VX358 #noair #worstflightever #roasted #SFOtoBOS,"[42.361016, -71.02000488]",2015-02-24 05:05:28 -0800,"San Mateo, CA & Las Vegas, NV",,,
5.70114021854212E+017,negative,1,Flight Booking Problems,1,Virgin America,,jordanpichler,,0,"@VirginAmerica hi! I just bked a cool birthday trip with you, but i can't add my elevate no. cause i entered my middle name during Flight Booking Problems üò¢",,2015-02-23 22:52:29 -0800,,Vienna,,
5.70088404156699E+017,negative,1,Customer Service Issue,1,Virgin America,,Cuschoolie1,,0,"@VirginAmerica help, left expensive headphones on flight 89 IAD to LAX today. Seat 2A. No one answering L&amp;F number at LAX!","[33.94209449, -118.40410103]",2015-02-23 21:10:41 -0800,Washington DC,Quito,,
5.70084582780899E+017,negative,1,Customer Service Issue,1,Virgin America,,amanduhmccarty,,0,"@VirginAmerica awaiting my return phone call, just would prefer to use your online self-service option :(",,2015-02-23 20:55:30 -0800,,Pacific Time (US & Canada),,
5.70076792993612E+017,positive,1,,,Virgin America,,NorthTxHomeTeam,,0,@VirginAmerica this is great news!  America could start flights to Hawaii by end of year http://t.co/r8p2Zy3fe4 via @Pacificbiznews,"[33.2145038, -96.9321504]",2015-02-23 20:24:33 -0800,Texas,Central Time (US & Canada),,
5.70051381534396E+017,positive,1,,,Virgin America,,Nicsplace,,0,@VirginAmerica Moodlighting is the only way to fly! Best experience EVER! Cool and calming. üíú‚úà #MoodlitMonday,,2015-02-23 18:43:35 -0800,Central Texas,,,
5.70045393565692E+017,positive,1,,,Virgin America,,Nicsplace,,0,"@VirginAmerica @freddieawards Done and done! Best airline around, hands down!",,2015-02-23 18:19:47 -0800,Central Texas,,,
5.70035876845085E+017,negative,1,Customer Service Issue,1,Virgin America,,DannyDouglass,,0,@VirginAmerica Your chat support is not working on your site: http://t.co/vhp2GtDWPk,,2015-02-23 17:41:58 -0800,"San Francisco, CA",Pacific Time (US & Canada),,
5.70033593394668E+017,positive,0.6639,,,Virgin America,,jamesferrandini,,0,"@VirginAmerica View of downtown Los Angeles, the Hollywood Sign, and beyond that rain in the mountains! http://t.co/Dw5nf0ibtr",,2015-02-23 17:32:54 -0800,,,,
5.70025482344899E+017,negative,0.6688,Flight Booking Problems,0.6688,Virgin America,,will_lenzenjr,,0,"@VirginAmerica Hey, first time flyer next week - excited! But I'm having a hard time getting my flights added to my Elevate account. Help?",,2015-02-23 17:00:40 -0800,Iowa City,Central Time (US & Canada),,
5.7001225754907E+017,positive,1,,,Virgin America,,arieldaie,,0,@VirginAmerica I'm #elevategold for a good reason: you rock!!,,2015-02-23 16:08:07 -0800,Los Angeles,,,
5.70010571707257E+017,positive,1,,,Virgin America,,ChelseaPoe666,,0,@VirginAmerica wow this just blew my mind,,2015-02-23 16:01:25 -0800,Oakland via Midwest ,Atlantic Time (Canada),,
5.70006886012973E+017,positive,0.657,,,Virgin America,,joyabsalon,,0,@VirginAmerica @ladygaga @carrieunderwood Julie Andrews all the way though @ladygaga was very impressive! NO to @Carrieunderwood,,2015-02-23 15:46:46 -0800,Northern Virginia,Eastern Time (US & Canada),,
5.69996412286583E+017,negative,0.6939,Flight Booking Problems,0.6939,Virgin America,,murphicus,,0,@VirginAmerica hi! i'm so excited about your $99 LGA-&gt,DAL deal- but i've been trying 2 book since last week &amp, the page never loads. thx!,,2015-02-23 15:05:09 -0800,"new york, new york",Eastern Time (US & Canada)
5.69996245462159E+017,positive,1,,,Virgin America,,VinnieFerra,,0,@VirginAmerica you know it. Need it on my spotify stat #guiltypleasures,,2015-02-23 15:04:29 -0800,"brooklyn, Ny",Pacific Time (US & Canada),,
5.69990222609412E+017,positive,0.635,,,Virgin America,,KevinDemsi,,0,@VirginAmerica @ladygaga @carrieunderwood  I'm Lady Gaga!!! She is amazing! üòä,,2015-02-23 14:40:33 -0800,"Bali, Republic of Indonesia",Kuala Lumpur,,
5.69989034501501E+017,negative,1,Customer Service Issue,1,Virgin America,,rachie1126,,0,@VirginAmerica I called a 3-4 weeks ago about adding 3 flights from 2014 to my Elevate...they still haven't shown up...help!,,2015-02-23 14:35:50 -0800,"New York, NY",Eastern Time (US & Canada),,
5.69986348041548E+017,positive,1,,,Virgin America,,jeffreymace01,,0,@VirginAmerica @ladygaga @carrieunderwood  love all three but you really can't beat the classics!,,2015-02-23 14:25:09 -0800,,,,
5.69976620158579E+017,negative,1,Customer Service Issue,1,Virgin America,,onerockgypsy,,0,@VirginAmerica heyyyy guyyyys.. been trying to get through for an hour. can someone call me please? :/,,2015-02-23 13:46:30 -0800,next city,Pacific Time (US & Canada),,
5.69973821396152E+017,negative,1,Late Flight,0.6789,Virgin America,,noelduan,,0,"@VirginAmerica Hi, Virgin! I'm on hold for 40-50 minutes -- are there any earlier flights from LA to NYC tonight; earlier than 11:50pm?",,2015-02-23 13:35:23 -0800,SF ‚Üî NY,Eastern Time (US & Canada),,
5.69972508499284E+017,positive,0.6922,,,Virgin America,,Travelzoo,,0,@VirginAmerica Congrats on winning the @Travelzoo award for Best Deals from an Airline (US) http://t.co/kj1iljaebV,,2015-02-23 13:30:10 -0800,"New York, NY",Pacific Time (US & Canada),,
5.69967019958731E+017,negative,1,Lost Luggage,1,Virgin America,,gianagon,,0,@VirginAmerica everything was fine until you lost my bag,"[40.6413712, -73.78311558]",2015-02-23 13:08:21 -0800,New York + Panama,Eastern Time (US & Canada),,
5.69946362126602E+017,negative,1,Flight Attendant Complaints,0.3516,Virgin America,,seimatrun,,0,@VirginAmerica your airline is awesome but your lax loft needs to step up its game. $40 for dirty tables and floors? http://t.co/hy0VrfhjHt,,2015-02-23 11:46:16 -0800,Los Angeles,,,
5.69942903683813E+017,positive,1,,,Virgin America,,mrmichaellay,,0,"@VirginAmerica not worried, it's been a great ride in a new plane with great crew. All airlines should be like this.","[36.08457854, -115.13780136]",2015-02-23 11:32:31 -0800,Floridian from Cincinnati ,Eastern Time (US & Canada),,
5.69941957490774E+017,positive,1,,,Virgin America,,TaylorLumsden,,0,@VirginAmerica awesome. I flew yall Sat morning. Any way we can correct my bill ?,,2015-02-23 11:28:46 -0800,"Dallas, Texas",Mountain Time (US & Canada),,
5.69935232033366E+017,negative,1,Customer Service Issue,1,Virgin America,,meme_meng,,0,@VirginAmerica what is going on with customer service? Is there anyway to speak to a human asap? Thank you.,,2015-02-23 11:02:02 -0800,,,,
5.69933816963342E+017,negative,1,Customer Service Issue,1,Virgin America,,GunsNDip,,0,@VirginAmerica why can't you supp the biz traveler like @SouthwestAir  and have customer service like @JetBlue #neverflyvirginforbusiness,,2015-02-23 10:56:25 -0800,,Pacific Time (US & Canada),,
5.69933777931145E+017,positive,1,,,Virgin America,,artisticwritr87,,0,@VirginAmerica I've applied more then once to be a member of the #inflight crew team...Im 100% interested. #flightattendant #dreampath -G,,2015-02-23 10:56:16 -0800,"Seattle, WA",Pacific Time (US & Canada),,
5.6993340550631E+017,negative,0.6792,Late Flight,0.3477,Virgin America,,arieldaie,,0,@VirginAmerica you're the best!! Whenever I (begrudgingly) use any other airline I'm delayed and Late Flight :(,,2015-02-23 10:54:47 -0800,Los Angeles,,,
5.69933360564343E+017,negative,1,Can't Tell,1,Virgin America,,GunsNDip,,0,@VirginAmerica I have no interesting flying with you after this. I will Cancelled Flight my next four flights I planned.#neverflyvirginforbusiness,,2015-02-23 10:54:36 -0800,,Pacific Time (US & Canada),,
5.69929243146088E+017,negative,1,Can't Tell,1,Virgin America,,GunsNDip,,0,@VirginAmerica it was a disappointing experience which will be shared with every business traveler I meet. #neverflyvirgin,,2015-02-23 10:38:14 -0800,,Pacific Time (US & Canada),,
5.69926998824395E+017,negative,1,Flight Booking Problems,1,Virgin America,,jsatk,,0,@VirginAmerica I‚Äôm having trouble adding this flight my wife booked to my Elevate account. Help? http://t.co/pX8hQOKS3R,"[0.0, 0.0]",2015-02-23 10:29:19 -0800,"Lower Pacific Heights, SF, CA",Pacific Time (US & Canada),,
5.69919041244148E+017,negative,1,Can't Tell,0.6513,Virgin America,,MaryAnnTaylorT,,0,@VirginAmerica Why is the site down?  When will it be back up?,,2015-02-23 09:57:42 -0800,"New York, NY",Arizona,,
5.69911816937034E+017,negative,1,Cancelled Flight,1,Virgin America,,AlisonK33774854,,0,@VirginAmerica I like the TV and interesting video . Just disappointed in Cancelled Flightled flight when other flights went out to jfk on Saturday .,,2015-02-23 09:29:00 -0800,,,,
5.69911674158731E+017,negative,1,Late Flight,1,Virgin America,,GunsNDip,,0,"@VirginAmerica just landed in LAX, an hour after I should of been here. Your no Late Flight bag check is not business travel friendly #nomorevirgin",,2015-02-23 09:28:26 -0800,,Pacific Time (US & Canada),,
5.69910981868061E+017,negative,1,Customer Service Issue,0.6863,Virgin America,,MerchEngines,,0,"@VirginAmerica Is it me, or is your website down?  BTW, your new website isn't a great user experience.  Time for another redesign.",,2015-02-23 09:25:41 -0800,"Los Angeles, CA",Arizona,,
5.69909224521642E+017,negative,1,Customer Service Issue,0.6771,Virgin America,,ColorCartel,,0,@VirginAmerica I can't check in or add a bag. Your website isn't working. I've tried both desktop and mobile http://t.co/AvyqdMpi1Y,,2015-02-23 09:18:42 -0800,"Austin, TX",Mountain Time (US & Canada),,
5.6990733648502E+017,negative,1,Can't Tell,0.659,Virgin America,,MustBeSpoken,,0,@VirginAmerica - Let 2 scanned in passengers leave the plane than told someone to remove their bag from 1st class bin? #uncomfortable,,2015-02-23 09:11:12 -0800,,,,
5.6989680561109E+017,negative,1,Flight Booking Problems,0.6714,Virgin America,,mattbunk,,0,@virginamerica What is your phone number. I can't find who to call about a flight reservation.,,2015-02-23 08:29:21 -0800,"Sterling Heights, MI",Eastern Time (US & Canada),,
5.69894449620369E+017,negative,1,Customer Service Issue,1,Virgin America,,louisjenny,,0,@VirginAmerica is anyone doing anything there today?  Website is useless and no one is answering the phone.,,2015-02-23 08:19:59 -0800,Washington DC,Quito,,
5.69892199690678E+017,negative,1,Late Flight,0.6882,Virgin America,,GunsNDip,,0,@VirginAmerica why must a traveler miss a flight to Late Flight check a bag?  I missed my morning appointments and you lost my business. #sfo2lax,,2015-02-23 08:11:03 -0800,,Pacific Time (US & Canada),,
5.69891436100874E+017,negative,0.6925,Late Flight,0.3521,Virgin America,,mrmichaellay,,0,@virginamerica how's a direct flight FLL-&gt,SFO have unexpected layover in Vegas 4 fuel yet peeps next to me bought for Vegas flight. #sneaky,"[0.0, 0.0]",2015-02-23 08:08:01 -0800,Floridian from Cincinnati ,Eastern Time (US & Canada),
5.69887310713479E+017,negative,1,Late Flight,0.3486,Virgin America,,GunsNDip,,0,@VirginAmerica your no Late Flight bag check just lost you my business. I missed flight and AM apt. Three other people on flight had same exp.,,2015-02-23 07:51:37 -0800,,Pacific Time (US & Canada),,
5.69887049446076E+017,positive,1,,,Virgin America,,TheDuchessSF,,0,"@VirginAmerica - amazing customer  service, again! üíïüíï RaeAnn in SF - she's the best! #customerservice #virginamerica #flying",,2015-02-23 07:50:35 -0800,Online,Pacific Time (US & Canada),,
5.69884551712887E+017,negative,1,Customer Service Issue,1,Virgin America,,BeLeather,,0,@VirginAmerica called your service line and was hung up on. This is awesome. #sarcasm,"[0.0, 0.0]",2015-02-23 07:40:39 -0800,,Pacific Time (US & Canada),,
5.69884407852438E+017,negative,1,Flight Booking Problems,0.6366,Virgin America,,BeLeather,,0,@VirginAmerica your site is tripping. I'm trying to check in and I'm getting the plain text version. I am reluctant to enter any card info.,"[0.0, 0.0]",2015-02-23 07:40:05 -0800,,Pacific Time (US & Canada),,
5.69873669700358E+017,positive,0.6823,,0,Virgin America,,flyfromWAS,,0,"@VirginAmerica has getaway deals through May, from $59 one-way. Lots of cool cities http://t.co/tZZJhuIbCH #CheapFlights #FareCompare",,2015-02-23 06:57:25 -0800,"Washington, DC",Eastern Time (US & Canada),,
5.69873665640292E+017,positive,0.6806,,,Virgin America,,flyfromNYC,,0,"@VirginAmerica has getaway deals through May, from $59 one-way. Lots of cool cities http://t.co/B2Xi4YG5T8 #CheapFlights #FareCompare",,2015-02-23 06:57:24 -0800,"New York City, NY",Central Time (US & Canada),,
5.69872058613674E+017,positive,0.678,,,Virgin America,,Silvanabfer,,0,@VirginAmerica Have a great week üåû‚úà,,2015-02-23 06:51:01 -0800,,,,
5.69861209781989E+017,positive,0.3482,,0,Virgin America,,AdamJdubs,,0,@VirginAmerica come back to #PHL already. We need you to take us out of this horrible cold. #pleasecomeback http://t.co/gLXFwP6nQH,,2015-02-23 06:07:54 -0800,Earth,Eastern Time (US & Canada),,
5.69847920192655E+017,negative,1,Late Flight,1,Virgin America,,nicholas_v,,0,"@VirginAmerica should I be concerned that I am about to fly on a plane that needs to be delayed due to a ""tech stop""?","[26.074379, -80.1416831]",2015-02-23 05:15:06 -0800,,Eastern Time (US & Canada),,
5.69814339785339E+017,positive,1,,,Virgin America,,tstashajones,,0,"@VirginAmerica is the best airline I have flown on.Easy to change your reservation,helpful representatives &amp; a comfortable flying experience",,2015-02-23 03:01:39 -0800,"Halifax, Nova Scotia, Canada",Eastern Time (US & Canada),,
5.69777607371129E+017,positive,1,,,Virgin America,,SkateMamas,,0,@VirginAmerica and again! Another rep kicked butt! Naelah represents your team so beautifully!! Thank you!!!,,2015-02-23 00:35:42 -0800,"Los Angeles, CA",,,
5.6977407823342E+017,positive,1,,,Virgin America,,dngoo,,0,@VirginAmerica your beautiful front-end design is down right now, but it was cool to still book my ticket b/c all your back-end was secure.,,2015-02-23 00:21:40 -0800,"Near a park, water, or lights",Pacific Time (US & Canada),
5.69770363623576E+017,positive,1,,,Virgin America,,SamBrittenham,,0,"@VirginAmerica Love the team running Gate E9 at LAS tonight. Waited for a delayed flight, and they kept things entertaining",,2015-02-23 00:06:55 -0800,USA,Eastern Time (US & Canada),,
5.69748316776325E+017,negative,0.6832,Customer Service Issue,0.3773,Virgin America,,usagibrian,,0,@VirginAmerica Use another browser! 2015 &amp, a brand with a reputation built on tech response doesn't have a cross-browser compatible website?,,2015-02-22 22:39:18 -0800,San Francisco CA,Pacific Time (US & Canada),
5.69741221783958E+017,negative,1,Flight Booking Problems,0.6767,Virgin America,,usagibrian,,0,"@VirginAmerica And now the flight Flight Booking Problems site is totally down. Folks, what is the problem?",,2015-02-22 22:11:07 -0800,San Francisco CA,Pacific Time (US & Canada),,
5.69737603617944E+017,negative,1,Customer Service Issue,0.6527,Virgin America,,KindofLuke,,0,@VirginAmerica I like the customer service but a 40 min delay just for connecting passengers seems too long. VA370,,2015-02-22 21:56:44 -0800,,,,
5.69714127792255E+017,positive,1,,,Virgin America,,ptbrodie,,0,@VirginAmerica thanks to your outstanding NYC-JFK crew who moved mountains to get me home to San Francisco tonight!,,2015-02-22 20:23:27 -0800,San Francisco,,,
5.69675144353829E+017,positive,1,,,Virgin America,,cheryleng,,0,@VirginAmerica you have the absolute best team and customer service ever.  Every time I fly with you I'm delighted.  Thank you!,"[33.9469039, -118.40716847]",2015-02-22 17:48:33 -0800,,Pacific Time (US & Canada),,
5.69666477265019E+017,negative,0.6703,Customer Service Issue,0.6703,Virgin America,,ChrisFordisHere,,0,@VirginAmerica i need to change my flight thats scheduled in 9 hours and 120 min wait time on phone. Im calling intern. Help!!,"[51.04345575, -114.06071363]",2015-02-22 17:14:06 -0800,NYC,Tehran,,
5.69652497947734E+017,positive,1,,,Virgin America,,JKF1897,,0,@VirginAmerica completely awesome experience last month BOS-LAS nonstop. Thanks for such an awesome flight and depart time. #VAbeatsJblue,,2015-02-22 16:18:33 -0800,,,,
5.69642845516276E+017,negative,1,Customer Service Issue,0.6448,Virgin America,,melokudo,,0,@VirginAmerica you are failing your customers because your check in process does not link to TSA pre-check.,,2015-02-22 15:40:12 -0800,,Eastern Time (US & Canada),,
5.69634318349246E+017,negative,1,Can't Tell,1,Virgin America,,ChrysiChrysic,,0,@VirginAmerica @FiDiFamilies us too! Terrible airline! Just gave us a hotel hotline number and said sorry,,2015-02-22 15:06:19 -0800,,,,
5.69633279546036E+017,negative,1,Cancelled Flight,0.6875,Virgin America,,ChrysiChrysic,,0,@VirginAmerica @ChrysiChrysic your assistance yesterday when u Cancelled Flightled our flight was to give us a hotel hotline  Shame on you!,,2015-02-22 15:02:11 -0800,,,,
5.6963009227341E+017,negative,1,Late Flight,1,Virgin America,,MOCBlogger,,0,@VirginAmerica Another delayed flight? #likingyoulessandless,,2015-02-22 14:49:31 -0800,San Diego,Alaska,,
5.69627480425767E+017,negative,1,Customer Service Issue,1,Virgin America,,tfaz,,0,@VirginAmerica I need to register a service dog for a first class ticket from SFO &gt, Dulles. The phone queue is an hour or longer. Pls advise,,2015-02-22 14:39:09 -0800,"Oakland, California",Pacific Time (US & Canada),
5.69625739231949E+017,positive,1,,,Virgin America,,lisaptv,,1,@virginamerica you ROCK for making it so I can watch #Oscars on my flight!! #redcarpet #oscars #oscars2015,,2015-02-22 14:32:14 -0800,,Mountain Time (US & Canada),,
5.6962010238935E+017,positive,0.7011,,,Virgin America,,HollywoodHotMom,,0,@VirginAmerica always!!! Xoxo,,2015-02-22 14:09:50 -0800,All Over!,Pacific Time (US & Canada),,
5.69619569372824E+017,negative,1,Flight Booking Problems,1,Virgin America,,GoShar2012,,0,@VirginAmerica why can't we book seats on your flights when we buy them or even during check in? Creates so much anxiety! #frustrated,,2015-02-22 14:07:43 -0800,"Providence, RI",Eastern Time (US & Canada),,
5.69618527948116E+017,negative,0.6543,Flight Attendant Complaints,0.3562,Virgin America,,MOCBlogger,,0,@VirginAmerica You'd think paying an extra $100 bucks RT for luggage might afford you hiring an extra hand at @sfo #lame,,2015-02-22 14:03:34 -0800,San Diego,Alaska,,
5.6961649038044E+017,positive,1,,,Virgin America,,SkateMamas,,0,@VirginAmerica best customer service rep in the world! #irmafromDallas takes the cake!!!,,2015-02-22 13:55:28 -0800,"Los Angeles, CA",,,
5.696143657559E+017,negative,0.6889,Late Flight,0.6889,Virgin America,,jarrydosborne,,0,@VirginAmerica please provide status for flight 769.  I cant imagine it's on time as the Web indicates  dude to weather here and/or Dallas,,2015-02-22 13:47:02 -0800,New York,Eastern Time (US & Canada),,
5.69614024578601E+017,positive,1,,,Virgin America,,HollywoodHotMom,,0,@VirginAmerica you have amazing staff &amp, super helpful as I just ran the @WaltDisneyWorld #PrincessHalf they have spoiled me with comfort!!!,,2015-02-22 13:45:41 -0800,All Over!,Pacific Time (US & Canada),
5.69609971383587E+017,negative,1,Cancelled Flight,1,Virgin America,,mlorenzen,,0,"@VirginAmerica I paid the premium to fly you across the country, you Cancelled Flight my flight and offer no check fee or upgrade love? Sad face :(",,2015-02-22 13:29:34 -0800,"iPhone: 29.741360,-90.131523",Pacific Time (US & Canada),,
5.69608328998887E+017,negative,0.679,Flight Booking Problems,0.3684,Virgin America,,Tyler_Starrine,,0,@VirginAmerica question: is it not possible to book a seat for an infant under 2? It's not giving me the option but we want a seat for him.,,2015-02-22 13:23:03 -0800,Los Angeles,Pacific Time (US & Canada),,
5.69599867716133E+017,positive,1,,,Virgin America,,jessicajaymes,,2,Always have it together!!! You're welcome! RT @VirginAmerica: @jessicajaymes You're so welcome.,"[33.94652852, -118.40766257]",2015-02-22 12:49:25 -0800,"hollywood, california",Pacific Time (US & Canada),,
5.69596445680116E+017,positive,1,,,Virgin America,,livingfitly,,0,@virginamerica #flight home to #dc #sunset #globe in' #backtowinter back to #work! #refreshed http://t.co/VX9vBCTdLf,,2015-02-22 12:35:49 -0800,"Washington, DC",Eastern Time (US & Canada),,
5.69596097540133E+017,negative,1,Damaged Luggage,0.6501,Virgin America,,khartline,,0,.@VirginAmerica I don't understand why you need a DM to give me an answer on if you have a damaged luggage policy.,,2015-02-22 12:34:26 -0800,Las Vegas,Pacific Time (US & Canada),,
5.69594386066985E+017,negative,1,Damaged Luggage,1,Virgin America,,khartline,,0,.@VirginAmerica does that mean you don't have a policy for destroyed luggage?,,2015-02-22 12:27:38 -0800,Las Vegas,Pacific Time (US & Canada),,
5.69580805036454E+017,positive,1,,,Virgin America,,paulnakada,,0,@VirginAmerica thank you for checking in. tickets are purchased and customer is happy ,-),,2015-02-22 11:33:40 -0800,San Francisco,Pacific Time (US & Canada),
5.6957294238165E+017,negative,1,Customer Service Issue,0.6983,Virgin America,,paulnakada,,0,@VirginAmerica having problems Flight Booking Problems on the web site. keeps giving me an error and to contact by phone.  phone is 30 minute wait.,,2015-02-22 11:02:26 -0800,San Francisco,Pacific Time (US & Canada),,
5.69572740723712E+017,negative,0.6593,Cancelled Flight,0.6593,Virgin America,,RampantSmashing,,0,@VirginAmerica How do I reschedule my Cancelled Flightled flights online? The change button is greyed out!,,2015-02-22 11:01:38 -0800,CA,,,
5.69566981835219E+017,negative,1,Flight Booking Problems,0.6556,Virgin America,,intlwriter,,0,"@VirginAmerica I rang, but there is a wait for 35 minutes!! I can book the same ticket through a vendor, fix your site",,2015-02-22 10:38:45 -0800,@ the moment in New Delhi,Pacific Time (US & Canada),,
5.69564853460808E+017,negative,1,Late Flight,0.3571,Virgin America,,finslippy,,0,"@VirginAmerica got a flight (we were told) for 4:50 today..,checked my email and its for 4;50 TOMORROW. This is unacceptable.",,2015-02-22 10:30:17 -0800,Brooklyn,Eastern Time (US & Canada),,
5.69564610837086E+017,negative,1,Cancelled Flight,1,Virgin America,,finslippy,,0,"@VirginAmerica our flight into lga was Cancelled Flighted. We're stuck in Dallas. I called to reschedule, told I could get a flight for today...(1/2)",,2015-02-22 10:29:19 -0800,Brooklyn,Eastern Time (US & Canada),,
5.6956220240502E+017,negative,1,Bad Flight,1,Virgin America,,Gr8Fratsby,,0,@virginamerica why don't any of the pairings include red wine?! Only white is offered :( #redwineisbetter,,2015-02-22 10:19:45 -0800,"Washington, DC",Eastern Time (US & Canada),,
5.6954112734004E+017,negative,0.6517,Customer Service Issue,0.3371,Virgin America,,sbaaronson,,0,@VirginAmerica is the website down?,,2015-02-22 08:56:00 -0800,Los Angeles,,,
5.69540405676655E+017,negative,0.68,Customer Service Issue,0.35,Virgin America,,jonesbasf,,0,@VirginAmerica - Your site seems a little wonked right now. May want to have a look. Tried on two browsers. No CSS? http://t.co/8qsQMM7KF2,,2015-02-22 08:53:08 -0800,,,,
5.69494748341408E+017,negative,1,Customer Service Issue,0.7002,Virgin America,,Gr8Fratsby,,0,@VirginAmerica I'm disappointed that the agent at the designated silver status check in line @Dulles_Airport closed to assist all pasengers,,2015-02-22 05:51:43 -0800,"Washington, DC",Eastern Time (US & Canada),,
5.69477692166316E+017,negative,1,Customer Service Issue,1,Virgin America,,CSHangover,,0,@VirginAmerica Is it normal to receive no reply from Central Baggage #baggageissues #smh,,2015-02-22 04:43:56 -0800,Tokyo,Irkutsk,,
5.69461469042967E+017,negative,1,longlines,0.6818,Virgin America,,girlphotophilly,,0,@VirginAmerica at Logan airport and waiting to checkin for my 9am flight. Checkin desk not open !!!!! Why?!,,2015-02-22 03:39:28 -0800,"Philadelphia, Pa",Eastern Time (US & Canada),,
5.69369239183872E+017,negative,1,Can't Tell,0.663,Virgin America,,Boards707,,0,"@VirginAmerica congrats, you just got all my business from EWR to SFO/LAX. Fuck you @united fl1289 SFO/EWR was the clincher...",,2015-02-21 21:32:59 -0800,"Belmar, NJ",Eastern Time (US & Canada),,
5.69368160291463E+017,negative,1,Customer Service Issue,0.6777,Virgin America,,MikeWiener,,0,@VirginAmerica  I applied over 2 weeks ago. Haven't heard back and I'm flying this week #disappointed,,2015-02-21 21:28:42 -0800,,Eastern Time (US & Canada),,
5.69354267854705E+017,positive,1,,,Virgin America,,simpasmore,,0,@VirginAmerica Thank you for the follow,,2015-02-21 20:33:30 -0800,Barbados ,Eastern Time (US & Canada),,
5.69351220097217E+017,negative,1,Customer Service Issue,1,Virgin America,,ChrysiChrysic,,0,@VirginAmerica - too many apologies! You r the worse airlines! Don't even respond to your cudtomers,,2015-02-21 20:21:23 -0800,,,,
5.69348775631675E+017,negative,1,Cancelled Flight,0.3709,Virgin America,,ChrysiChrysic,,0,@VirginAmerica shame on VA for making people spend money in stranded cities when other airlines are landing at JFK! Who will reimburse me?,,2015-02-21 20:11:40 -0800,,,,
5.69323082701275E+017,negative,1,Customer Service Issue,0.7148,Virgin America,,joyabsalon,,0,@VirginAmerica too bad you say it takes 10 to 14 days via YOUR confirmation email. When I inquired after 3 weeks you claim 6 to 8 weeks!,,2015-02-21 18:29:35 -0800,Northern Virginia,Eastern Time (US & Canada),,
5.69318651502989E+017,negative,0.6791,Cancelled Flight,0.6791,Virgin America,,meladorri,,0,@VirginAmerica Flight from BOS &gt, LAS tomorrow was Cancelled Flightled. No notification, wait times are 1+ hour. Will you rebook on another airline?,,2015-02-21 18:11:58 -0800,"Boston, MA",Central Time (US & Canada)
5.69318130356503E+017,positive,0.3579,,0,Virgin America,,miaerolinea,,0,üòé RT @VirginAmerica: You‚Äôve met your match. Got status on another airline? Upgrade (+restr): http://t.co/RHKaMx9VF5. http://t.co/PYalebgkJt,,2015-02-21 18:09:54 -0800,Worldwide,Caracas,,
5.69316358845911E+017,positive,1,,,Virgin America,,archiegips,,0,@VirginAmerica Only way to fly! #Elevate #Gold,,2015-02-21 18:02:51 -0800,LaLa Land,Pacific Time (US & Canada),,
5.69311060903268E+017,negative,1,Can't Tell,0.648,Virgin America,,MarwaYousofzoy,,0,"@VirginAmerica a lot of ""apologies"" being thrown out to customers from what I can see.Very sad. Thanks for nothing. Worst airline ever.",,2015-02-21 17:41:48 -0800,,,,
5.69310635986547E+017,negative,1,Flight Attendant Complaints,0.6729,Virgin America,,TTINAC11,,0,@VirginAmerica  for all my flight stuff wrong and did nothing about it. Had #worst #flight ever,,2015-02-21 17:40:07 -0800,"Las Vegas, NV",Mountain Time (US & Canada),,
5.69304436612444E+017,positive,0.6783,,,Virgin America,,advertisingdiva,,0,@VirginAmerica you will match my #AmericanAirlines status? Cool!,"[38.9128188, -77.00798226]",2015-02-21 17:15:29 -0800,DC - LA - Venice Beach,Eastern Time (US & Canada),,
5.69304030847091E+017,negative,1,Flight Booking Problems,0.6705,Virgin America,,alexrkonrad,,0,@VirginAmerica trying to book a flight with you guys and your website won't let me... about to lose my business,,2015-02-21 17:13:52 -0800,"New York, NY",Eastern Time (US & Canada),,
5.69303931916038E+017,negative,1,Can't Tell,1,Virgin America,,MarwaYousofzoy,,0,@VirginAmerica you suck!,,2015-02-21 17:13:29 -0800,,,,
5.69298165855339E+017,positive,1,,,Virgin America,,lexiesalas,,0,@VirginAmerica thanks!,,2015-02-21 16:50:34 -0800,BAYAREA‚úàÔ∏èNYC,Pacific Time (US & Canada),,
5.69290361870426E+017,negative,1,Flight Booking Problems,0.6648,Virgin America,,MaximWheatley,,0,@VirginAmerica Just DM'd. Same issue persisting.,,2015-02-21 16:19:33 -0800,"Washington, DC",Atlantic Time (Canada),,
5.69282249717195E+017,negative,1,Cancelled Flight,1,Virgin America,,FiDiFamilies,,0,@VirginAmerica Because we never rec'd Cancelled Flightlation notice we were left w no options to fly out of PS. Driving to LA for a red eye Mon w kids,,2015-02-21 15:47:19 -0800,New York City ,Eastern Time (US & Canada),,
5.69277854950818E+017,negative,1,Flight Booking Problems,1,Virgin America,,lexiesalas,,0,@VirginAmerica trying to book a flight &amp, your site is down üòÅ,,2015-02-21 15:29:51 -0800,BAYAREA‚úàÔ∏èNYC,Pacific Time (US & Canada),
5.69277352129139E+017,negative,0.7158,Cancelled Flight,0.7158,Virgin America,,Artenis15,,0,@VirginAmerica You have any flights flying into Boston tomorrow? I need to be home and you Cancelled Flightled my flight and didn't do anything,,2015-02-21 15:27:52 -0800,MA // Ashton in Wonderland,Eastern Time (US & Canada),,
5.6926383744827E+017,negative,1,Cancelled Flight,1,Virgin America,,NancyJFriedman,,0,@VirginAmerica you stink. Flight Cancelled Flighted from PSP to JFK and no notification or ability to rebook #disappointed.  #expected better,,2015-02-21 14:34:09 -0800,New York City,Eastern Time (US & Canada),,
5.69262527281914E+017,positive,1,,,Virgin America,,JT_Magana,,0,@VirginAmerica I love your guy's song! We're dancing to it for our high school dance revue,,2015-02-21 14:28:57 -0800,,,,
5.6926222590036E+017,negative,1,Customer Service Issue,0.6733,Virgin America,,MaximWheatley,,0,@VirginAmerica Your website is down and I'm trying to check in!,,2015-02-21 14:27:45 -0800,"Washington, DC",Atlantic Time (Canada),,
5.69261347688608E+017,positive,1,,,Virgin America,,carabubes,,0,"@VirginAmerica done! Thank you for the quick response, apparently faster than sitting on hold ;)",,2015-02-21 14:24:16 -0800,"Los Angeles, California",Central Time (US & Canada),,
5.69260526976545E+017,positive,1,,,Virgin America,,wmrrock,,0,@VirginAmerica cool picture of another VirginAmerica plane off our wing. What a site! http://t.co/5B2agFd8c4,,2015-02-21 14:21:00 -0800,CT,Eastern Time (US & Canada),,
5.69253311813186E+017,positive,1,,,Virgin America,,DailyBillboard,,0,@VirginAmerica Keep up the great work :),,2015-02-21 13:52:20 -0800,"Los Angeles, California",Pacific Time (US & Canada),,
5.69253236093268E+017,positive,1,,,Virgin America,,BigRichTexasPam,,0,@VirginAmerica my goodness your people @love field are amazing under pressure ‚ù§Ô∏èfrom Texas #beatstheothers in crisis Please fly me to NY,"[32.84359605, -96.84910929]",2015-02-21 13:52:02 -0800,FREE ADVICE! ,Central Time (US & Canada),,
5.69250469178175E+017,positive,0.6775,,0,Virgin America,,rtw4,,0,@VirginAmerica Thanks for a great flight from LA to Boston! Pilots did a great job landing in the snow. Can we go back to LA now? #seriously,,2015-02-21 13:41:02 -0800,"Natick, MA, USA",Central Time (US & Canada),,
5.69248400836727E+017,positive,1,,,Virgin America,,kyle_romanoff,,0,"@VirginAmerica Thanks so much for the awesome support, you guys rock!",,2015-02-21 13:32:49 -0800,,,,
5.69247769166266E+017,negative,0.7053,Bad Flight,0.7053,Virgin America,,wmrrock,,0,@VirginAmerica seats in Row 8 don't recline should mention that on your website #soreback,,2015-02-21 13:30:18 -0800,CT,Eastern Time (US & Canada),,
5.69247394002563E+017,negative,1,Late Flight,1,Virgin America,,wmrrock,,0,@VirginAmerica flight 404 delayed 2 hours in LA due to mechanical problems. Handle like pros but you could have tossed us a free drink.,,2015-02-21 13:28:49 -0800,CT,Eastern Time (US & Canada),,
5.69244860286263E+017,negative,0.642,Cancelled Flight,0.642,Virgin America,,BigRichTexasPam,,0,@VirginAmerica why Cancelled Flight flights today? No precipitation to be scared of!  ‚ùÑÔ∏è‚ùÑÔ∏è‚ùÑÔ∏è,"[32.8437698, -96.84928399]",2015-02-21 13:18:45 -0800,FREE ADVICE! ,Central Time (US & Canada),,
5.69240250192671E+017,positive,0.6667,,0,Virgin America,,aaronkurlander,,0,@VirginAmerica twitter team. you guys killed it for rescheduling me asap. thank you!,,2015-02-21 13:00:26 -0800,"New York, NY",Eastern Time (US & Canada),,
5.69238877178716E+017,negative,1,Cancelled Flight,0.6735,Virgin America,,MistakeCakeJake,,0,@VirginAmerica You guys charged me $100 to reschedule a flight that was then Cancelled Flighted and are now refusing to refund it. What's the deal?,,2015-02-21 12:54:58 -0800,,Central Time (US & Canada),,
5.69237252154372E+017,negative,1,Customer Service Issue,0.6968,Virgin America,,NoelArtiles,,0,@VirginAmerica can‚Äôt access your website from Safari on iPhone 6. Seems to work on Mac and iPad. Need iPhone to add Passbook.,"[0.0, 0.0]",2015-02-21 12:48:31 -0800,"Austin, TX",Central Time (US & Canada),,
5.69236251129164E+017,negative,0.699,Customer Service Issue,0.699,Virgin America,,floatingatoll,,0,"@VirginAmerica your mobile site is broken, shows 
""{{header.elevateUser.numOfPointsAvailable || '0' | number}} Points"", won't let me checkin",,2015-02-21 12:44:32 -0800,"Silicon Valley, California",Pacific Time (US & Canada),,
5.69230983075115E+017,negative,0.664,Cancelled Flight,0.3412,Virgin America,,aaronkurlander,,0,@VirginAmerica I was really looking forward to my flight. can you let me know when it will be rescheduled? #diehardvirgin,,2015-02-21 12:23:36 -0800,"New York, NY",Eastern Time (US & Canada),,
5.6922978550068E+017,negative,1,Cancelled Flight,0.6452,Virgin America,,aaronkurlander,,0,"@VirginAmerica why Cancelled Flight flight VX413? One sec its delayed, on my to airport, the next its Cancelled Flightled?Gonna email or call me to reschedule?",,2015-02-21 12:18:51 -0800,"New York, NY",Eastern Time (US & Canada),,
5.69226875349836E+017,negative,1,Customer Service Issue,0.6766,Virgin America,,borknagar,,0,@VirginAmerica I did it but there was a problem in the link from the email for check-in. thanks,,2015-02-21 12:07:17 -0800,chile,Santiago,,
5.69224234150404E+017,negative,1,Flight Booking Problems,0.6954,Virgin America,,propsonline,,0,@VirginAmerica had to change to another airline to get to DC today ... Why is @united able to land in DC but not you? Cost me $800 ...ugh,,2015-02-21 11:56:47 -0800,"California, USA",Pacific Time (US & Canada),,
5.69223788639822E+017,negative,1,Cancelled Flight,1,Virgin America,,propsonline,,0,@VirginAmerica I was so looking forward to my first flight with you today but it was Cancelled Flightled along with the subsequent one ...,,2015-02-21 11:55:01 -0800,"California, USA",Pacific Time (US & Canada),,
5.69222494952886E+017,positive,0.6522,,,Virgin America,,carlos89178,,0,@VirginAmerica when are you putting some great deals from PDX to LAS or from LAS to PDX show me your love! http://t.co/enIQg0buzj,,2015-02-21 11:49:53 -0800,,,,
5.69221440794272E+017,positive,1,,,Virgin America,,carlos89178,,0,@VirginAmerica wish I can afford to fly with you next Friday  going back home.. love everything  about your airline,,2015-02-21 11:45:41 -0800,,,,
5.69221156504531E+017,negative,1,Can't Tell,0.6526,Virgin America,,shounshounette,,0,@VirginAmerica  how are you gonna have a deal from Dallas to DC but no deal from DC to Dallas? #sad,,2015-02-21 11:44:33 -0800,,,,
5.69218762907324E+017,negative,1,Customer Service Issue,1,Virgin America,,DonnellyPatrick,,0,@VirginAmerica hold times at call center are a bit much,,2015-02-21 11:35:03 -0800,SF Bay Area,Pacific Time (US & Canada),,
5.69212570478911E+017,positive,0.7081,,,Virgin America,,stefanpinto,,0,@VirginAmerica Like http://t.co/VPqEm31XUQ,,2015-02-21 11:10:26 -0800,"Los Angeles, CA",Pacific Time (US & Canada),,
5.6921167510818E+017,negative,0.6455,Flight Booking Problems,0.3497,Virgin America,,josephschwegler,,0,@VirginAmerica Site down? #help,,2015-02-21 11:06:53 -0800,,Pacific Time (US & Canada),,
5.6920956671547E+017,positive,1,,,Virgin America,,jennifer_caron,,0,@VirginAmerica You have the best flight attendant ever!!! http://t.co/PxdEL1nq3l,,2015-02-21 10:58:30 -0800,"Los Angeles, CA",Pacific Time (US & Canada),,
5.69208480793567E+017,positive,0.6899,,,Virgin America,,miaerolinea,,0,"Awesome! RT @VirginAmerica: Watch nominated films at 35,000 feet. #MeetTheFleet #Oscars http://t.co/DnStITRzWy",,2015-02-21 10:54:11 -0800,Worldwide,Caracas,,
5.69205125278859E+017,positive,1,,,Virgin America,,ninjasistah,,0,@VirginAmerica thanks so much!,,2015-02-21 10:40:51 -0800,Massachusetts,Eastern Time (US & Canada),,
5.69204272795005E+017,negative,0.6701,Customer Service Issue,0.3505,Virgin America,,daniellewolff,,0,"@VirginAmerica Trying to reset my password, email never arrives. Help?",,2015-02-21 10:37:28 -0800,"Los Angeles, CA",Pacific Time (US & Canada),,
5.6920269118591E+017,positive,0.6575,,,Virgin America,,EleonoraKaras,,0,"@VirginAmerica, the only airline based in Silicon Valley! #disruption #FCmostinnovative #incubator  @FastCompany's http://t.co/wU3LbCNcr9",,2015-02-21 10:31:11 -0800,New York,,,
5.69201943131738E+017,positive,1,,,Virgin America,,carlosondrums,,0,@VirginAmerica Very nicely done. üëè,,2015-02-21 10:28:13 -0800,Las Vegas,Eastern Time (US & Canada),,
5.69200619430421E+017,positive,0.6701,,,Virgin America,,ninjasistah,,0,@VirginAmerica I‚Äôm looking forward to watching the Oscars on my flight home tomorrow. I might even get something bubbly to drink! ,),,2015-02-21 10:22:57 -0800,Massachusetts,Eastern Time (US & Canada),
5.69200606595953E+017,negative,0.6489,Late Flight,0.6489,Virgin America,,stephenasilverm,,0,@VirginAmerica What is the reason  for the delay of the departure of VX 413 from JFK this afternoon?,,2015-02-21 10:22:54 -0800,,,,
5.69198782421664E+017,negative,0.6786,Cancelled Flight,0.6786,Virgin America,,mrl6626,,0,"@VirginAmerica is todays flight from Palm Springs, Ca to JFK in NY Cancelled Flightled?",,2015-02-21 10:15:39 -0800,,Arizona,,
5.69198104806699E+017,positive,1,,,Virgin America,,SunRighteous,,0,@VirginAmerica hahaha üòÇ@VirginAmerica YOU GUYS ARE AMAZING. I LOVE YOU GUYS!!!üíó,,2015-02-21 10:12:58 -0800,,Alaska,,
5.69197967959155E+017,positive,1,,,Virgin America,,readerriter,,0,@VirginAmerica sounds like fun !,,2015-02-21 10:12:25 -0800,"CALIFORNIA, USA",Pacific Time (US & Canada),,
5.69192778468626E+017,negative,1,Customer Service Issue,1,Virgin America,,bluesmoon,,0,"@VirginAmerica the CSS on your site is a 404 right now, please fix. Site unusable.",,2015-02-21 09:51:48 -0800,"Cambridge, MA, USA, Earth",Eastern Time (US & Canada),,
5.69182336715244E+017,negative,0.6473,Lost Luggage,0.3341,Virgin America,,RedSoxGirl1976,,0,"@VirginAmerica We're on flight 910 Vegas to Boston today, checked in online but our bag count didn't register. Can I fix that somehow?",,2015-02-21 09:10:18 -0800,Somewhere outside of Fenway,Eastern Time (US & Canada),,
5.69180623165915E+017,positive,0.6771,,,Virgin America,,InuAtah,,0,"@VirginAmerica classiq, luv Virgin America. Greetingz",,2015-02-21 09:03:30 -0800,Abuja,,,
5.69179517522047E+017,negative,0.6636,Customer Service Issue,0.6636,Virgin America,,borknagar,,0,"@VirginAmerica Hi, I'm trying to do check-in but the website is not working. I tried 3 different browsers and the problem continues",,2015-02-21 08:59:06 -0800,chile,Santiago,,
5.6917677705608E+017,positive,1,,,Virgin America,,Recessionista,,0,@VirginAmerica Thanks for your great customer service today &amp, for helping me get all my travel sorted out!,,2015-02-21 08:48:13 -0800,"Los Angeles, CA",Pacific Time (US & Canada),
5.69165709516759E+017,positive,1,,,Virgin America,,moosekazmi,,0,@VirginAmerica thanks guys! Sweet route over the Rockies #airplanemodewason,,2015-02-21 08:04:14 -0800,"Las Piedras, Peru",,,
5.69110766235877E+017,positive,1,,,Virgin America,,_LisaCap,,0,@VirginAmerica love the 90s music blasting at gate in #Boston while waiting for flight to #SanFrancisco. Only if I could get an iced coffee!,,2015-02-21 04:25:54 -0800,"Charlestown, MA",,,
5.69083230361674E+017,negative,0.6706,Bad Flight,0.3514,Virgin America,,eatgregeat,,0,"@VirginAmerica - the passenger in 7D, Flt 338 that assaulted me shouldn't have flown. I trust he's banned. Crew filed report to @FAANews","[26.06726717, -80.14433663]",2015-02-21 02:36:29 -0800,,Eastern Time (US & Canada),,
5.69028851860255E+017,negative,1,Flight Booking Problems,0.6809,Virgin America,,alanzeino,,0,@VirginAmerica current bug on website shows ‚Äòselect departure city‚Äô when selecting destination city http://t.co/SLLYIBE2vQ,,2015-02-20 23:00:24 -0800,San Francisco,Pacific Time (US & Canada),,
5.69022319437357E+017,negative,1,Damaged Luggage,1,Virgin America,,khartline,,0,@VirginAmerica luggage was severely dented/missing wheel coming off baggage claim in SAN. Luggage agent Miranda (I think) wasn't any help.,,2015-02-20 22:34:27 -0800,Las Vegas,Pacific Time (US & Canada),,
5.69020707113476E+017,positive,1,,,Virgin America,,courtDMC,,0,"@VirginAmerica thank you for the easy itinerary shift for impending weather. Quick, painless &amp; free.",,2015-02-20 22:28:03 -0800,New York for now.,Central Time (US & Canada),,
5.69011849976349E+017,positive,1,,,Virgin America,,Cydney_Chase,,0,@VirginAmerica Thanks! Good times there and back! #Vodkatonics the entire flightüç∏#sfo,,2015-02-20 21:52:51 -0800,#SF#Optimist #Freefalling,Pacific Time (US & Canada),,
5.68972394297078E+017,positive,1,,,Virgin America,,AnnaProsser,,0,"@VirginAmerica, you're doing a great job adding little luxuries/aesthetics that improve the air travel experience. Thank you. Keep it up!",,2015-02-20 19:16:04 -0800,USA,Pacific Time (US & Canada),,
5.68945958970532E+017,negative,1,Bad Flight,0.6765,Virgin America,,HenryLucero,,0,@VirginAmerica requested window seat and confirmed window but got stuck in middle seat. Not a good way to treat silver memberüòí,,2015-02-20 17:31:01 -0800,"Los Angeles, CA",,,
5.68942331921093E+017,negative,0.6965,Bad Flight,0.3634,Virgin America,,stephanieslome,,0,@VirginAmerica #wtf I paid for direct flight on purpose not to have to stop for fuel exhausted frequent flier and nothing for inconvenience!,,2015-02-20 17:16:37 -0800,San Francisco,Pacific Time (US & Canada),,
5.68940002849255E+017,negative,1,Customer Service Issue,0.6633,Virgin America,,Alex_Ricardo,,0,@VirginAmerica there is something wrong with you website in Safari iPhone,,2015-02-20 17:07:21 -0800,Montreal,Eastern Time (US & Canada),,
5.68929979981034E+017,positive,1,,,Virgin America,,djchuang,,1,@VirginAmerica thanks for gate checking my baggage on your full flight dfw-lax 883 and giving me early boarding too #sweet,"[32.8454782, -96.8504585]",2015-02-20 16:27:32 -0800,"Orange County, CA",Pacific Time (US & Canada),,
5.68929026644976E+017,negative,0.6368,Can't Tell,0.6368,Virgin America,,miekd,,0,@VirginAmerica Already checked in so the page expired :X,,2015-02-20 16:23:44 -0800,San Francisco,Pacific Time (US & Canada),,
5.68928741298012E+017,negative,1,Customer Service Issue,0.6525,Virgin America,,insideout,,0,@VirginAmerica Boo for a not refunding a seat upgrade fee I did not want to buy in the first place!,,2015-02-20 16:22:36 -0800,,Central Time (US & Canada),,
5.68923762764095E+017,positive,0.6855,,,Virgin America,,AlyssaJenS,,0,@VirginAmerica I see what you did there ,),,2015-02-20 16:02:49 -0800,"Bay Area, CA",Pacific Time (US & Canada),
5.68911350656676E+017,positive,1,,,Virgin America,,drsaadiaim,,0,@VirginAmerica your inflight team makes the experience #amazing!,,2015-02-20 15:13:30 -0800,Boca Raton FL 33434,,,
5.68910590921609E+017,positive,1,,,Virgin America,,MaverickGamersX,,0,@VirginAmerica cutest salt and pepper shaker ever. Just when I think you guys can't get any better you just do! http://t.co/vC6Keulg2J,,2015-02-20 15:10:29 -0800,Follow/Retweet for giveaways!,,,
5.68901823215448E+017,negative,1,Bad Flight,0.6761,Virgin America,,MsReeseGirl,,0,"@VirginAmerica moved my seat with no notice. ""Better seat"" is cabin select not behind the row I selectedüëé #DISAPPOINTED",,2015-02-20 14:35:38 -0800,Los Angeles,Pacific Time (US & Canada),,
5.68897315458691E+017,positive,1,,,Virgin America,,CanPOREOTICS,,0,@VirginAmerica fav airline,,2015-02-20 14:17:44 -0800,"Anaheim, CA",,,
5.6889007416481E+017,positive,0.6776,,,Virgin America,,MaverickGamersX,,0,@VirginAmerica we have a hot female pilot! Sweet! DCA to SFO! :-),,2015-02-20 13:48:57 -0800,Follow/Retweet for giveaways!,,,
5.68882014415249E+017,negative,1,Lost Luggage,1,Virgin America,,snellbell,,0,@VirginAmerica already contacted Central Baggage &amp, sent DM. @RenttheRunway is charging me for the dress that was in the lost suitcase #help,,2015-02-20 13:16:56 -0800,,Quito,
5.68874645564363E+017,positive,1,,,Virgin America,,AcronymBex,,0,@VirginAmerica Thank you!!,,2015-02-20 12:47:39 -0800,"NY, NY",Eastern Time (US & Canada),,
5.68868127364096E+017,negative,0.6569,Customer Service Issue,0.6569,Virgin America,,SleeplessByte,,0,@VirginAmerica Is there anything going on with the website? I've been getting a lot of errors past 30 minutes.,"[0.0, 0.0]",2015-02-20 12:21:45 -0800,Rijswijk ‚ô° The Netherlands,Amsterdam,,
5.68853685855334E+017,negative,1,Can't Tell,0.6421,Virgin America,,Yorkshire_D,,0,@VirginAmerica @VirginAtlantic I have just checked in flight to SFO from LAX &amp, been told as Atlantic Flying Club Gold I get no benefits?!,,2015-02-20 11:24:22 -0800,,,
5.68850967673897E+017,negative,1,Flight Attendant Complaints,0.6458,Virgin America,,SaraBabs,,0,@VirginAmerica husband and I ordered three drinks via my screen and they never came. Awesome!,,2015-02-20 11:13:34 -0800,dc,Eastern Time (US & Canada),,
5.68850943359496E+017,negative,1,Bad Flight,0.6979,Virgin America,,AdamSinger,,0,@VirginAmerica soooo are you guys going to leave the seatbelt light on all flight? You can barely call this turbulence :-),"[0.0, 0.0]",2015-02-20 11:13:28 -0800,"San Francisco, CA",Central Time (US & Canada),,
5.68840724700996E+017,negative,1,Flight Booking Problems,0.3895,Virgin America,,notthatnathan,,0,"@VirginAmerica Funny story, your website is broken, you have missing javascript and stylesheets on the checkin process. I dislike this!",,2015-02-20 10:32:51 -0800,"Portland, Maine",Eastern Time (US & Canada),,
5.68840560347374E+017,positive,1,,,Virgin America,,polaroidmisha,,0,@VirginAmerica would love to do more for virgin just like I do for @GoPro,"[0.0, 0.0]",2015-02-20 10:32:12 -0800,San Francisco,Pacific Time (US & Canada),,
5.68830133626253E+017,negative,1,Customer Service Issue,0.6655,Virgin America,,RobynMatza,,0,@VirginAmerica I'm trying to check into my 10:50AM CT flight tmm on the desktop website and it's not working (some sort of caching bug) SOS,"[0.0, 0.0]",2015-02-20 09:50:46 -0800,"New York, NY",Eastern Time (US & Canada),,
5.68824637267685E+017,negative,1,Customer Service Issue,1,Virgin America,,miekd,,0,@VirginAmerica Do you guys know your check-in links from emails are broken? http://t.co/2npXB6oBMr,,2015-02-20 09:28:56 -0800,San Francisco,Pacific Time (US & Canada),,
5.68815689684816E+017,positive,1,,,Virgin America,,thecompostcook,,0,@VirginAmerica loved it. Can't wait for Monday's return flight... Mostly just to watch the inflight safety video again. #sorrynotsorry,"[37.77465018, -122.44032176]",2015-02-20 08:53:23 -0800,"New York, NY",Eastern Time (US & Canada),,
5.68812046747202E+017,negative,1,Lost Luggage,1,Virgin America,,snellbell,,1,"@VirginAmerica lost my luggage 4 days ago on flight VX 112 from LAX to IAD &amp; I'm calling every day, no response.Please give me back my stuff",,2015-02-20 08:38:54 -0800,,Quito,,
5.68811384437412E+017,negative,0.662,Flight Booking Problems,0.662,Virgin America,,chrisaguiar88,,0,@VirginAmerica The Flight Booking Problems section of your website seems to be broken on Chrome. Might wanna look into that.,,2015-02-20 08:36:16 -0800,Massachusetts,,,
5.68805696780825E+017,positive,1,,,Virgin America,,matthewhirsch,,0,@VirginAmerica Hi! Just wanted to see if you have any new routes planned this year for Newark. Love flying you guys and hope to do so more!,,2015-02-20 08:13:40 -0800,"Hoboken, NJ",Eastern Time (US & Canada),,
5.68803996774879E+017,positive,0.6884,,,Virgin America,,GabriellaDago,,0,"@VirginAmerica I mean. Probably inappropriate while on board.. But, it's on!",,2015-02-20 08:06:55 -0800,New York City,Eastern Time (US & Canada),,
5.68802396907835E+017,positive,0.6658,,,Virgin America,,AdamSinger,,0,@VirginAmerica happy to spend the day together. Let's do this!,,2015-02-20 08:00:33 -0800,"San Francisco, CA",Central Time (US & Canada),,
5.68795139512127E+017,positive,1,,,Virgin America,,JayRockerz,,0,.@VirginAmerica They were very understanding and helped me out.  Thx! #Comps,,2015-02-20 07:31:43 -0800,"39.149054,  -77.273589",Eastern Time (US & Canada),,
5.68791035297468E+017,positive,1,,,Virgin America,,Hwoodboy24,,0,@VirginAmerica thank you! I absolutely will üòé,,2015-02-20 07:15:25 -0800,BOS ‚Ä¢ LA ‚Ä¢ NYC ,Pacific Time (US & Canada),,
5.687901644049E+017,negative,1,Can't Tell,1,Virgin America,,perMicah,,0,@virginamerica Looks like a broken link for your assets https://t.co/OArDjjGrrD,,2015-02-20 07:11:57 -0800,"Brooklyn, NY",Quito,,
5.68775898234798E+017,negative,1,Flight Booking Problems,0.6667,Virgin America,,perMicah,,0,@virginamerica the manage itinerary section of your website seems to be broken for me https://t.co/2pUJvCElNg,,2015-02-20 06:15:16 -0800,"Brooklyn, NY",Quito,,
5.68769672922812E+017,negative,1,Customer Service Issue,0.6237,Virgin America,,iamnayr,,0,"@VirginAmerica can't check in, your site looks like this every time it loads http://t.co/kAcY2AwDbW",,2015-02-20 05:50:31 -0800,"San Francisco, CA",Pacific Time (US & Canada),,
5.68663147189416E+017,negative,1,Customer Service Issue,0.6596,Virgin America,,davidhfe,,0,@virginAmerica Other carriers are less than half price for a round trip fare. I am stunned. http://t.co/UKdjjijroW,,2015-02-19 22:47:14 -0800,"San Francisco, CA",Pacific Time (US & Canada),,
5.68662343170675E+017,negative,1,Flight Booking Problems,0.6841,Virgin America,,davidhfe,,0,@VirginAmerica WTF is happening in PDX Late Flight March such that one way from SFO is ~$550?,,2015-02-19 22:44:02 -0800,"San Francisco, CA",Pacific Time (US & Canada),,
5.68643040073507E+017,positive,0.6809,,,Virgin America,,TMAnderson10,,0,@VirginAmerica How about some free drinks on the flight back for the free promo?,,2015-02-19 21:27:20 -0800,"Dallas, TX",,,
5.68633361595412E+017,positive,1,,,Virgin America,,SSal,,0,@VirginAmerica @SSal thanks!,,2015-02-19 20:48:52 -0800,"Dutchess County, NY",Eastern Time (US & Canada),,
5.68608718994027E+017,negative,1,Lost Luggage,1,Virgin America,,j_payton,,0,"@VirginAmerica my luggage is gone. I've filed my paperwork, promised a call/email. Still no resolution or response from central luggage.",,2015-02-19 19:10:57 -0800,San Francisco,Quito,,
5.68605449659896E+017,positive,0.6482,,,Virgin America,,SuuperG,,0,@VirginAmerica Thanks!,,2015-02-19 18:57:58 -0800,Wandering So-Cal-ian,Pacific Time (US & Canada),,
5.68604690767872E+017,positive,1,,,Virgin America,,imacsweb,,0,@VirginAmerica thanks for taking care of @SuuperG on her flight!! #rockstars #travel,,2015-02-19 18:54:57 -0800,At an airport near you....,Pacific Time (US & Canada),,
5.68602941940044E+017,positive,1,,,Virgin America,,SuuperG,,0,@VirginAmerica Thanks for the lovely soft views! #travel #SAN to #SFO http://t.co/CnctL7G1ef,,2015-02-19 18:48:00 -0800,Wandering So-Cal-ian,Pacific Time (US & Canada),,
5.68595620002279E+017,negative,1,Flight Booking Problems,0.6406,Virgin America,,El_Nel_81,,0,@VirginAmerica I requested a mileage challenge for status several weeks ago online but haven't heard back. How do I get help with this?,,2015-02-19 18:18:54 -0800,,,,
5.68585196699664E+017,negative,0.6381,Flight Booking Problems,0.3279,Virgin America,,zoelle,,0,"@VirginAmerica Just trying to book tickets to NYC and facing super fun broken styling. Don't worry, I'll keep trying :)",,2015-02-19 17:37:29 -0800,San Francisco,Pacific Time (US & Canada),,
5.68576829000426E+017,negative,1,Customer Service Issue,0.6543,Virgin America,,joyabsalon,,0,@VirginAmerica Applied for Status Match on Feb 1. Got confirmation email same day. Still no news though. You guys have dropped ball Late Flightly üò•,,2015-02-19 17:04:14 -0800,Northern Virginia,Eastern Time (US & Canada),,
5.68553610981741E+017,positive,1,,,Virgin America,,SigmaRue,,0,"@VirginAmerica I adore you, and am so looking forward to my flight to Austin in two weeks.",,2015-02-19 15:31:58 -0800,"Portland, OR",Pacific Time (US & Canada),,
5.6854352550509E+017,positive,0.6875,,,Virgin America,,MNDNCH,,0,@VirginAmerica I was so glad it was mentioned. I took my first virgin flight a few years back and it was a transformative experience.,,2015-02-19 14:51:54 -0800,SD/LA/PS,Pacific Time (US & Canada),,
5.6853688201275E+017,negative,0.6539,Customer Service Issue,0.3461,Virgin America,,conorjrogers,,0,@VirginAmerica trying to check-in...but looks like your site is down?,,2015-02-19 14:25:30 -0800, DC | Jersey City,Eastern Time (US & Canada),,
5.68532221180535E+017,negative,0.6558,Late Flight,0.6558,Virgin America,,bonniecamp,,1,"@VirginAmerica spending my birthday night with you, DAL-DCA. Get me home!",,2015-02-19 14:06:59 -0800,,,,
5.68526847320785E+017,negative,0.6596,Customer Service Issue,0.3617,Virgin America,,GaySkiWeek,,0,@VirginAmerica Sent a couple messages to the email you provided but to no avail. Will try again next year. Cheers.,,2015-02-19 13:45:37 -0800,"Telluride, CO",Central Time (US & Canada),,
5.68525368572817E+017,positive,1,,,Virgin America,,graveyardtravel,,0,"@VirginAmerica first time flying Virgin, went to #SanFrancisco .Thanks for the smooth ride. Easily my new fav airline!",,2015-02-19 13:39:45 -0800,"Portland, Oregon",Tijuana,,
5.68522203198698E+017,negative,0.6436,Can't Tell,0.324,Virgin America,,taygarrett,,0,"@VirginAmerica seriously, though. will there not be direct flights from SFO-FLL in may???",,2015-02-19 13:27:10 -0800,san francisco,Eastern Time (US & Canada),,
5.68519971971539E+017,negative,0.3617,Flight Booking Problems,0.3617,Virgin America,,jamonholmgren,,0,@VirginAmerica It's fine. Already done with my purchase. But you should try it. Just go most of the way through then go back 3,,2015-02-19 13:18:18 -0800,"Vancouver, WA",Arizona,,
5.68518985056002E+017,negative,1,Bad Flight,0.6723,Virgin America,,BlackFlagShoppe,,0,"@virginamerica not really the experience I was hoping 4, I ws forced 2 check in a small carry on, w/ nothing but empty cabin space on board",,2015-02-19 13:14:23 -0800,‚ÄùStraight Outta Jersey‚Äù,Central Time (US & Canada),,
5.68517565548339E+017,negative,0.7223,longlines,0.7223,Virgin America,,c_crubin,,0,"@VirginAmerica
wjere is our luggage #so slow at lax",,2015-02-19 13:08:44 -0800,,London,,
5.68511755040657E+017,negative,1,Customer Service Issue,0.6581,Virgin America,,richeyvicious,,0,"@VirginAmerica I spoke with a representative that offered no solution, I am a loyal customer who flies on @VirginAtlantic as well",,2015-02-19 12:45:39 -0800,"LES, NYC",,,
5.68511474580066E+017,negative,1,Flight Booking Problems,0.6725,Virgin America,,richeyvicious,,0,@VirginAmerica I am deeply disappointed that your birthday promo was not applied to a trip I booked mere days before I received the email,,2015-02-19 12:44:32 -0800,"LES, NYC",,,
5.68496820604822E+017,negative,0.654,Flight Booking Problems,0.3438,Virgin America,,taygarrett,,0,"@VirginAmerica what happened to direct flights from SFO-FLL? Looking in May, only see connecting #help #dontdothistome",,2015-02-19 11:46:18 -0800,san francisco,Eastern Time (US & Canada),,
5.68491256508232E+017,positive,1,,,Virgin America,,alexster4324,,0,"@VirginAmerica just promoting the product is all, had a problem with southwest and recommend noneother than the best! http://t.co/tFaNXBh1Cf",,2015-02-19 11:24:12 -0800,,,,
5.68490223417602E+017,positive,1,,,Virgin America,,beasharif,,0,"@VirginAmerica love you guys, but pls get some direct routes LAS to AUS!",,2015-02-19 11:20:05 -0800,The World,Pacific Time (US & Canada),,
5.68481985221538E+017,positive,1,,,Virgin America,,Rgulojr,,0,@VirginAmerica of course! I work for @VirginAtlantic and I'm obsessed with the entire Virgin family!!,,2015-02-19 10:47:21 -0800,Chicago,Eastern Time (US & Canada),,
5.68478510538494E+017,positive,0.6548,,,Virgin America,,_kristenicole_,,0,@VirginAmerica ok! first time flying with you tonight :),,2015-02-19 10:33:33 -0800,‚òÇ Seattle | WA,Eastern Time (US & Canada),,
5.68469942711886E+017,negative,0.6756,Can't Tell,0.6756,Virgin America,,danteusa1,,0,"@VirginAmerica I have 2d and 3d embossed badges and patches superior to the ones you are currently using. 
http://t.co/3fq3XElbOn",,2015-02-19 09:59:30 -0800,,,,
5.68463892453724E+017,negative,1,Bad Flight,0.6899,Virgin America,,wmrrock,,0,@VirginAmerica on VX399 from JFK to LA - dirty plane - not up to your standards.,,2015-02-19 09:35:28 -0800,CT,Eastern Time (US & Canada),,
5.68463244035289E+017,negative,1,Bad Flight,1,Virgin America,,wmrrock,,0,@VirginAmerica on flight VX399 headed to LA from JFK - dirtiest VA plane I have ever been on. Sad for a great airline.,"[0.0, 0.0]",2015-02-19 09:32:53 -0800,CT,Eastern Time (US & Canada),,
5.68460512553353E+017,positive,0.6888,,,Virgin America,,mightymeesh,,0,@VirginAmerica got it squared away. Someone picked up as soon as I tweeted. Should have tweeted sooner. üòâ,,2015-02-19 09:22:02 -0800,San Francisco,,,
